{"chunks":{"0.codes.npy":{"rows":51374,"mtime":1772414164.9514995},"1.codes.npy":{"rows":52129,"mtime":1772414174.7274284},"2.codes.npy":{"rows":55912,"mtime":1772414186.646653},"3.codes.npy":{"rows":28990,"mtime":1772414192.1648448}},"padding_rows":27,"total_rows":188432,"ncols":0}
