{"chunks":{"1.residuals.npy":{"rows":186755,"mtime":1772375403.7579784},"0.residuals.npy":{"rows":184004,"mtime":1772208001.3499207}},"padding_rows":39,"total_rows":370798,"ncols":24}
