{"chunks":{"1.residuals.npy":{"rows":52129,"mtime":1772414174.7409716},"0.residuals.npy":{"rows":51374,"mtime":1772414164.9545686},"2.residuals.npy":{"rows":55912,"mtime":1772414186.6588755},"3.residuals.npy":{"rows":28990,"mtime":1772414192.1668723}},"padding_rows":27,"total_rows":188432,"ncols":24}
