{"chunks":{"0.codes.npy":{"rows":184004,"mtime":1772208001.3490107},"1.codes.npy":{"rows":186755,"mtime":1772375403.755912}},"padding_rows":39,"total_rows":370798,"ncols":0}
